Workbook

Sheet Analysis
A3: Average of Current price | B3: Average of old price | C3: Average of Discount | D3: Average of Numeric Rating
A4: 1202.7778 | B4: 1829.7685 | C4: 0.36385321 | D4: 3.8894737
A7: Most Expensive product | B7: =Excel_jumia!A2 -> 120W Cordless Vacuum Cleaners Handheld Electric Vacuum Cleaner
A9: Least Expensive Product | B9: =Excel_jumia!A110 -> Black Simple Water Cup Wine Coaster Anti Slip Absorbent
A13: Row Labels | B13: Average of Discount | C13: Average of Numeric Rating
A14: High Discount | B14: 0.4820339 | C14: 3.6133333
A15: Low Discount | B15: 0.072222222 | C15: 3.725
A16: Medium Discount | B16: 0.31 | C16: 4.2782609
A17: Grand Total | B17: 0.36385321 | C17: 3.8894737
A21: Row Labels | B21: Count of Product | C21: Row Labels | D21: Count of Product
A22: Average | B22: 22 | C22: High Discount | D22: 59
A23: Excellent | B23: 75 | C23: Low Discount | D23: 18
A24: Poor | B24: 12 | C24: Medium Discount | D24: 32
A25: Grand Total | B25: 109 | C25: Grand Total | D25: 109
A29: Row Labels | B29: Average of Review(+) | C29: Average of Numeric Rating
A30: High Discount | B30: 5.6610169 | C30: 3.6133333
A31: Low Discount | B31: 2.1111111 | C31: 3.725
A32: Medium Discount | B32: 10.96875 | C32: 4.2782609
A33: Grand Total | B33: 6.6330275 | C33: 3.8894737

Sheet Dashboard
A3: Total Products | B3: Avg Rating | C3: Avg Discount | D3: Total Reviews
A4: =COUNTA(Excel_jumia!A2:A110) -> 109 | B4: =AVERAGE(Excel_jumia!H2:H110) -> 3.8894737 | C4: =AVERAGE(Excel_jumia!D2:D110) -> 0.36385321 | D4: =SUM(Excel_jumia!F2:F110) -> 723
A6: Product Perfomance

Sheet Excel_jumia
A1: Product | B1: Current price | C1: old price | D1: Discount | E1: Review | F1: Review(+) | G1: Ratings | H1: Numeric Rating | I1: Discount Amount | J1: Rating Category | K1: Discount Category
A2: 120W Cordless Vacuum Cleaners Handheld Electric Vacuum Cleaner | B2: 979 | C2: 873 | D2: 0.38 | E2: -69 | F2: =ABS(E2) -> 69 | G2: 2.8 out of 5 | H2: =IFERROR(VALUE(LEFT(G2,FIND(" ",G2)-1)),"") -> 2.8 | I2: =C2 - B2 -> -106 | J2: =IF(H2<3,"Poor",IF(H2<=4.4,"Average","Excellent")) -> Poor | K2: =IF(D2<0.2,"Low Discount",IF(D2<=0.4,"Medium Discount","High Discount")) -> Medium Discount
A3: 137 Pieces Cake Decorating Tool Set Baking Supplies | B3: 2799 | C3: 3032 | D3: 0.53 | E3: -55 | F3: =ABS(E3) -> 55 | G3: 4.6 out of 5 | H3: =IFERROR(VALUE(LEFT(G3,FIND(" ",G3)-1)),"") -> 4.6 | I3: =C3 - B3 -> 233 | J3: =IF(H3<3,"Poor",IF(H3<=4.4,"Average","Excellent")) -> Excellent | K3: =IF(D3<0.2,"Low Discount",IF(D3<=0.4,"Medium Discount","High Discount")) -> High Discount
A4: Electronic Digital Display Vernier Caliper | B4: 1740 | C4: 647 | D4: 0.49 | E4: -49 | F4: =ABS(E4) -> 49 | G4: 4.6 out of 5 | H4: =IFERROR(VALUE(LEFT(G4,FIND(" ",G4)-1)),"") -> 4.6 | I4: =C4 - B4 -> -1093 | J4: =IF(H4<3,"Poor",IF(H4<=4.4,"Average","Excellent")) -> Excellent | K4: =IF(D4<0.2,"Low Discount",IF(D4<=0.4,"Medium Discount","High Discount")) -> High Discount
A5: 3D Waterproof EVA Plastic Shower Curtain 1.8*2Mtrs | B5: 1940 | C5: 1966 | D5: 0.49 | E5: -44 | F5: =ABS(E5) -> 44 | G5: 4.6 out of 5 | H5: =IFERROR(VALUE(LEFT(G5,FIND(" ",G5)-1)),"") -> 4.6 | I5: =C5 - B5 -> 26 | J5: =IF(H5<3,"Poor",IF(H5<=4.4,"Average","Excellent")) -> Excellent | K5: =IF(D5<0.2,"Low Discount",IF(D5<=0.4,"Medium Discount","High Discount")) -> High Discount
A6: 100 Pcs Crochet Hook Tool Set Knitting Hook Set With Box | B6: 2199 | C6: 1500 | D6: 0.5 | E6: -39 | F6: =ABS(E6) -> 39 | G6: 4.7 out of 5 | H6: =IFERROR(VALUE(LEFT(G6,FIND(" ",G6)-1)),"") -> 4.7 | I6: =C6 - B6 -> -699 | J6: =IF(H6<3,"Poor",IF(H6<=4.4,"Average","Excellent")) -> Excellent | K6: =IF(D6<0.2,"Low Discount",IF(D6<=0.4,"Medium Discount","High Discount")) -> High Discount
A7: Punch-free Great Load Bearing Bathroom Storage Rack Wall Shelf-White | B7: 1468 | C7: 656 | D7: 0.47 | E7: -36 | F7: =ABS(E7) -> 36 | G7: 4.3 out of 5 | H7: =IFERROR(VALUE(LEFT(G7,FIND(" ",G7)-1)),"") -> 4.3 | I7: =C7 - B7 -> -812 | J7: =IF(H7<3,"Poor",IF(H7<=4.4,"Average","Excellent")) -> Average | K7: =IF(D7<0.2,"Low Discount",IF(D7<=0.4,"Medium Discount","High Discount")) -> High Discount
A8: 53 Pieces/Set Yarn Knitting Crochet Hooks With Bag - Pansies | B8: 1580 | C8: 2699 | D8: 0.47 | E8: -32 | F8: =ABS(E8) -> 32 | G8: 4.5 out of 5 | H8: =IFERROR(VALUE(LEFT(G8,FIND(" ",G8)-1)),"") -> 4.5 | I8: =C8 - B8 -> 1119 | J8: =IF(H8<3,"Poor",IF(H8<=4.4,"Average","Excellent")) -> Excellent | K8: =IF(D8<0.2,"Low Discount",IF(D8<=0.4,"Medium Discount","High Discount")) -> High Discount
A9: Portable Mini Cordless Car Vacuum Cleaner - Blue | B9: 3546 | C9: 2923 | D9: 0.55 | E9: -24 | F9: =ABS(E9) -> 24 | G9: 4.6 out of 5 | H9: =IFERROR(VALUE(LEFT(G9,FIND(" ",G9)-1)),"") -> 4.6 | I9: =C9 - B9 -> -623 | J9: =IF(H9<3,"Poor",IF(H9<=4.4,"Average","Excellent")) -> Excellent | K9: =IF(D9<0.2,"Low Discount",IF(D9<=0.4,"Medium Discount","High Discount")) -> High Discount
A10: 53Pcs/Set Yarn Knitting Crochet Hooks With Bag - Fortune Cat | B10: 1600 | C10: 2650 | D10: 0.48 | E10: -20 | F10: =ABS(E10) -> 20 | G10: 4.7 out of 5 | H10: =IFERROR(VALUE(LEFT(G10,FIND(" ",G10)-1)),"") -> 4.7 | I10: =C10 - B10 -> 1050 | J10: =IF(H10<3,"Poor",IF(H10<=4.4,"Average","Excellent")) -> Excellent | K10: =IF(D10<0.2,"Low Discount",IF(D10<=0.4,"Medium Discount","High Discount")) -> High Discount
A11: 52 Pieces Cake Decorating Tool Set Gift Kit Baking Supplies | B11: 1666 | C11: 2499 | D11: 0.49 | E11: -20 | F11: =ABS(E11) -> 20 | G11: 4.1 out of 5 | H11: =IFERROR(VALUE(LEFT(G11,FIND(" ",G11)-1)),"") -> 4.1 | I11: =C11 - B11 -> 833 | J11: =IF(H11<3,"Poor",IF(H11<=4.4,"Average","Excellent")) -> Average | K11: =IF(D11<0.2,"Low Discount",IF(D11<=0.4,"Medium Discount","High Discount")) -> High Discount
A12: Agapeon Toothbrush Holder And Toothpaste Dispenser | B12: 799 | C12: 700 | D12: 0.36 | E12: -17 | F12: =ABS(E12) -> 17 | G12: 2.6 out of 5 | H12: =IFERROR(VALUE(LEFT(G12,FIND(" ",G12)-1)),"") -> 2.6 | I12: =C12 - B12 -> -99 | J12: =IF(H12<3,"Poor",IF(H12<=4.4,"Average","Excellent")) -> Poor | K12: =IF(D12<0.2,"Low Discount",IF(D12<=0.4,"Medium Discount","High Discount")) -> Medium Discount
A13: VIC Wireless Vacuum Cleaner Dual Use For Home And Car 120W High Power Powerful | B13: 950 | C13: 1555 | D13: 0.38 | E13: -16 | F13: =ABS(E13) -> 16 | G13: 2.9 out of 5 | H13: =IFERROR(VALUE(LEFT(G13,FIND(" ",G13)-1)),"") -> 2.9 | I13: =C13 - B13 -> 605 | J13: =IF(H13<3,"Poor",IF(H13<=4.4,"Average","Excellent")) -> Poor | K13: =IF(D13<0.2,"Low Discount",IF(D13<=0.4,"Medium Discount","High Discount")) -> Medium Discount
... A58: Wall-mounted Sticker Punch-free Plug Fixer | B58: 105 | C58: 900 | D58: 0.02 | E58: -1 | F58: =ABS(E58) -> 1 | G58: 2 out of 5 | H58: =IFERROR(VALUE(LEFT(G58,FIND(" ",G58)-1)),"") -> 2 | I58: =C58 - B58 -> 795 | J58: =IF(H58<3,"Poor",IF(H58<=4.4,"Average","Excellent")) -> Poor | K58: =IF(D58<0.2,"Low Discount",IF(D58<=0.4,"Medium Discount","High Discount")) -> Low Discount
A59: 4pcs Bathroom/Kitchen Towel Rack,Roll Paper Holder,Towel Bars,Hook | B59: 1860 | C59: 3220 | D59: 0.49 | F59: =ABS(E59) -> 0 | H59: =IFERROR(VALUE(LEFT(G59,FIND(" ",G59)-1)),"") | I59: =C59 - B59 -> 1360 | J59: =IF(H59<3,"Poor",IF(H59<=4.4,"Average","Excellent")) -> Excellent | K59: =IF(D59<0.2,"Low Discount",IF(D59<=0.4,"Medium Discount","High Discount")) -> High Discount
A60: MultiFunctional Storage Rack Multi-layer Booelf | B60: 1660 | C60: 4080 | D60: 0.49 | F60: =ABS(E60) -> 0 | H60: =IFERROR(VALUE(LEFT(G60,FIND(" ",G60)-1)),"") | I60: =C60 - B60 -> 2420 | J60: =IF(H60<3,"Poor",IF(H60<=4.4,"Average","Excellent")) -> Excellent | K60: =IF(D60<0.2,"Low Discount",IF(D60<=0.4,"Medium Discount","High Discount")) -> High Discount
A61: LASA Stainless Steel Double Wall Mount Soap Dispenser - 500ml | B61: 1462 | C61: 4471 | D61: 0.47 | F61: =ABS(E61) -> 0 | H61: =IFERROR(VALUE(LEFT(G61,FIND(" ",G61)-1)),"") | I61: =C61 - B61 -> 3009 | J61: =IF(H61<3,"Poor",IF(H61<=4.4,"Average","Excellent")) -> Excellent | K61: =IF(D61<0.2,"Low Discount",IF(D61<=0.4,"Medium Discount","High Discount")) -> High Discount
A62: 4M Float Switch Water Level Controller -Water Tank | B62: 1460 | C62: 931 | D62: 0.47 | F62: =ABS(E62) -> 0 | H62: =IFERROR(VALUE(LEFT(G62,FIND(" ",G62)-1)),"") | I62: =C62 - B62 -> -529 | J62: =IF(H62<3,"Poor",IF(H62<=4.4,"Average","Excellent")) -> Excellent | K62: =IF(D62<0.2,"Low Discount",IF(D62<=0.4,"Medium Discount","High Discount")) -> High Discount
A63: Modern Sofa Throw Pillow Cover-45x45cm-Blue&Red | B63: 1459 | C63: 476 | D63: 0.46 | F63: =ABS(E63) -> 0 | H63: =IFERROR(VALUE(LEFT(G63,FIND(" ",G63)-1)),"") | I63: =C63 - B63 -> -983 | J63: =IF(H63<3,"Poor",IF(H63<=4.4,"Average","Excellent")) -> Excellent | K63: =IF(D63<0.2,"Low Discount",IF(D63<=0.4,"Medium Discount","High Discount")) -> High Discount
A64: Balloon Insert, Birthday Party Balloon Set, PU Leather | B64: 1420 | C64: 1060 | D64: 0.46 | F64: =ABS(E64) -> 0 | H64: =IFERROR(VALUE(LEFT(G64,FIND(" ",G64)-1)),"") | I64: =C64 - B64 -> -360 | J64: =IF(H64<3,"Poor",IF(H64<=4.4,"Average","Excellent")) -> Excellent | K64: =IF(D64<0.2,"Low Discount",IF(D64<=0.4,"Medium Discount","High Discount")) -> High Discount
A65: Shower Cap Wide Elastic Band Cover Reusable Bashroom Cap | B65: 1350 | C65: 2169 | D65: 0.46 | F65: =ABS(E65) -> 0 | H65: =IFERROR(VALUE(LEFT(G65,FIND(" ",G65)-1)),"") | I65: =C65 - B65 -> 819 | J65: =IF(H65<3,"Poor",IF(H65<=4.4,"Average","Excellent")) -> Excellent | K65: =IF(D65<0.2,"Low Discount",IF(D65<=0.4,"Medium Discount","High Discount")) -> High Discount
A66: Christmas Elk Fence Yard Lawn Decorations Cute For Holidays | B66: 1300 | C66: 2000 | D66: 0.45 | F66: =ABS(E66) -> 0 | H66: =IFERROR(VALUE(LEFT(G66,FIND(" ",G66)-1)),"") | I66: =C66 - B66 -> 700 | J66: =IF(H66<3,"Poor",IF(H66<=4.4,"Average","Excellent")) -> Excellent | K66: =IF(D66<0.2,"Low Discount",IF(D66<=0.4,"Medium Discount","High Discount")) -> High Discount
A67: 60W Hot Melt Glue Sprayer - Efficient And Stable Glue Dispensing | B67: 1274 | C67: 1785 | D67: 0.45 | F67: =ABS(E67) -> 0 | H67: =IFERROR(VALUE(LEFT(G67,FIND(" ",G67)-1)),"") | I67: =C67 - B67 -> 511 | J67: =IF(H67<3,"Poor",IF(H67<=4.4,"Average","Excellent")) -> Excellent | K67: =IF(D67<0.2,"Low Discount",IF(D67<=0.4,"Medium Discount","High Discount")) -> High Discount
A68: Car Phone Charging Stand | B68: 1220 | C68: 1316 | D68: 0.45 | F68: =ABS(E68) -> 0 | H68: =IFERROR(VALUE(LEFT(G68,FIND(" ",G68)-1)),"") | I68: =C68 - B68 -> 96 | J68: =IF(H68<3,"Poor",IF(H68<=4.4,"Average","Excellent")) -> Excellent | K68: =IF(D68<0.2,"Low Discount",IF(D68<=0.4,"Medium Discount","High Discount")) -> High Discount
A69: 2pcs Solar Street Light Flood Light Outdoor | B69: 1200 | C69: 1950 | D69: 0.45 | F69: =ABS(E69) -> 0 | H69: =IFERROR(VALUE(LEFT(G69,FIND(" ",G69)-1)),"") | I69: =C69 - B69 -> 750 | J69: =IF(H69<3,"Poor",IF(H69<=4.4,"Average","Excellent")) -> Excellent | K69: =IF(D69<0.2,"Low Discount",IF(D69<=0.4,"Medium Discount","High Discount")) -> High Discount
A70: Creative Owl Shape Keychain Black | B70: 1200 | C70: 504 | D70: 0.43 | F70: =ABS(E70) -> 0 | H70: =IFERROR(VALUE(LEFT(G70,FIND(" ",G70)-1)),"") | I70: =C70 - B70 -> -696 | J70: =IF(H70<3,"Poor",IF(H70<=4.4,"Average","Excellent")) -> Excellent | K70: =IF(D70<0.2,"Low Discount",IF(D70<=0.4,"Medium Discount","High Discount")) -> High Discount
... A110: Black Simple Water Cup Wine Coaster Anti Slip Absorbent | B110: 38 | C110: 320 | D110: 0.01 | F110: =ABS(E110) -> 0 | H110: =IFERROR(VALUE(LEFT(G110,FIND(" ",G110)-1)),"") | I110: =C110 - B110 -> 282 | J110: =IF(H110<3,"Poor",IF(H110<=4.4,"Average","Excellent")) -> Excellent | K110: =IF(D110<0.2,"Low Discount",IF(D110<=0.4,"Medium Discount","High Discount")) -> Low Discount
